Rk,Season,Team,Lg,W,GP,W,L,WL%,Bat#,PA,AB,R,H,1B,2B,3B,HR,RBI,SB,CS,BB,SO,BA,OBP,SLG,OPS,OPS+,TB,GIDP,HBP,SH,SF,IBB,LOB,R/Gm
1,2018,Boston Red Sox,AL,108,162,108,54,0.667,40,6302,5623,876,1509,915,355,31,208,829,125,31,569,1253,0.268,0.339,0.453,0.792,112,2550,130,55,7,48,38,1124,5.4
2,2021,San Francisco Giants,NL,107,162,107,55,0.660,54,6196,5462,804,1360,823,271,25,241,768,66,14,602,1461,0.249,0.329,0.440,0.769,107,2404,117,64,36,30,45,1138,5.0
3,2019,Houston Astros,AL,107,162,107,55,0.660,36,6394,5613,920,1538,899,323,28,288,891,67,27,645,1166,0.274,0.352,0.495,0.848,119,2781,146,66,10,57,17,1168,5.7
4,2021,Los Angeles Dodgers,NL,106,162,106,56,0.654,61,6239,5445,830,1330,822,247,24,237,799,65,17,613,1408,0.244,0.330,0.429,0.759,101,2336,96,104,32,45,36,1169,5.1
5,2019,Los Angeles Dodgers,NL,106,162,106,56,0.654,46,6282,5493,886,1414,813,302,20,279,861,57,10,607,1356,0.257,0.338,0.472,0.810,111,2593,100,81,55,45,47,1124,5.5
6,2017,Los Angeles Dodgers,NL,104,162,104,58,0.642,52,6191,5408,770,1347,794,312,20,221,730,77,28,649,1380,0.249,0.334,0.437,0.771,104,2362,119,64,31,38,41,1146,4.8
7,2019,New York Yankees,AL,103,162,103,59,0.636,39,6245,5583,943,1493,880,290,17,306,904,55,22,569,1437,0.267,0.339,0.490,0.829,118,2735,113,49,10,33,18,1039,5.8
8,2018,Houston Astros,AL,103,162,103,59,0.636,36,6146,5453,797,1390,889,278,18,205,763,71,26,565,1197,0.255,0.329,0.425,0.754,106,2319,156,61,14,45,19,1052,4.9
9,2016,Chicago Cubs,NL,103,162,103,58,0.640,45,6335,5503,808,1409,887,293,30,199,767,66,34,656,1339,0.256,0.343,0.429,0.772,104,2359,107,96,42,37,45,1217,5.0
10,2017,Cleveland Indians,AL,102,162,102,60,0.630,36,6234,5511,818,1449,875,333,29,212,780,88,23,604,1153,0.263,0.339,0.449,0.788,104,2476,125,50,23,45,30,1158,5.0
11,2011,Philadelphia Phillies,NL,102,162,102,60,0.630,42,6279,5579,713,1409,960,258,38,153,693,96,24,539,1024,0.253,0.323,0.395,0.717,96,2202,108,56,65,38,52,1197,4.4
12,2019,Minnesota Twins,AL,101,162,101,61,0.623,39,6392,5732,939,1547,899,318,23,307,906,28,21,525,1334,0.270,0.338,0.494,0.832,118,2832,101,81,10,41,21,1115,5.8
13,2017,Houston Astros,AL,101,162,101,61,0.623,40,6271,5611,896,1581,977,346,20,238,854,98,42,509,1087,0.282,0.346,0.478,0.823,123,2681,139,70,11,61,27,1094,5.5
14,2021,Tampa Bay Rays,AL,100,162,100,62,0.617,43,6213,5507,857,1336,790,288,36,222,810,88,42,585,1542,0.243,0.321,0.429,0.750,110,2362,75,72,6,41,27,1085,5.3
15,2018,New York Yankees,AL,100,162,100,62,0.617,43,6271,5515,851,1374,815,269,23,267,821,63,21,625,1421,0.249,0.329,0.451,0.781,112,2490,107,62,10,59,21,1100,5.3
16,2015,St. Louis Cardinals,NL,100,162,100,62,0.617,46,6139,5484,647,1386,922,288,39,137,619,69,38,506,1267,0.253,0.321,0.394,0.716,95,2163,128,66,39,42,47,1152,4.0
17,2015,Pittsburgh Pirates,NL,98,162,98,64,0.605,46,6285,5631,697,1462,1003,292,27,140,661,98,45,461,1322,0.260,0.323,0.396,0.719,97,2228,115,89,63,41,46,1166,4.3
18,2014,Los Angeles Angels,AL,98,162,98,64,0.605,41,6285,5652,773,1464,974,304,31,155,729,81,39,492,1266,0.259,0.322,0.406,0.728,110,2295,112,60,26,54,42,1113,4.8
19,2012,Washington Nationals,NL,98,162,98,64,0.605,43,6221,5615,731,1468,948,301,25,194,688,105,35,479,1325,0.261,0.322,0.428,0.750,101,2401,110,41,50,36,43,1127,4.5
20,2019,Atlanta Braves,NL,97,162,97,65,0.599,50,6302,5560,855,1432,877,277,29,249,824,89,28,619,1467,0.258,0.336,0.452,0.789,98,2514,104,60,25,35,39,1138,5.3
21,2019,Oakland Athletics,AL,97,162,97,65,0.599,39,6269,5561,845,1384,812,292,23,257,800,49,21,578,1338,0.249,0.327,0.448,0.776,108,2493,140,87,7,36,17,1081,5.2
22,2018,Oakland Athletics,AL,97,162,97,65,0.599,39,6255,5579,813,1407,838,322,20,227,778,35,21,550,1381,0.252,0.325,0.439,0.764,110,2450,136,76,6,44,18,1085,5.0
23,2017,Washington Nationals,NL,97,162,97,65,0.599,49,6214,5553,819,1477,920,311,31,215,796,108,30,542,1327,0.266,0.332,0.449,0.782,99,2495,116,31,43,45,56,1101,5.1
24,2015,Chicago Cubs,NL,97,162,97,65,0.599,50,6200,5491,689,1341,868,272,30,171,657,95,37,567,1518,0.244,0.321,0.398,0.719,98,2186,101,74,32,35,47,1165,4.3
25,2013,Boston Red Sox,AL,97,162,97,65,0.599,38,6382,5651,853,1566,996,363,29,178,819,123,19,581,1308,0.277,0.349,0.446,0.795,116,2521,137,72,24,50,51,1212,5.3
26,2013,St. Louis Cardinals,NL,97,162,97,65,0.599,44,6202,5557,783,1494,1027,322,20,125,745,45,22,481,1110,0.269,0.332,0.401,0.733,102,2231,154,64,56,44,38,1087,4.8
27,2012,Cincinnati Reds,NL,97,162,97,65,0.599,38,6115,5477,669,1377,879,296,30,172,636,87,27,481,1266,0.251,0.315,0.411,0.726,93,2249,100,47,73,37,54,1135,4.1
28,2011,New York Yankees,AL,97,162,97,65,0.599,35,6306,5518,867,1452,930,267,33,222,836,147,46,627,1138,0.263,0.343,0.444,0.788,110,2451,146,74,36,51,34,1114,5.4
29,2019,Tampa Bay Rays,AL,96,162,96,66,0.593,48,6285,5628,769,1427,890,291,29,217,730,94,37,542,1493,0.254,0.325,0.431,0.757,102,2427,114,73,8,34,20,1130,4.7
30,2018,Milwaukee Brewers,NL,96,163,96,67,0.589,53,6210,5542,754,1398,904,252,24,218,711,124,32,537,1458,0.252,0.323,0.424,0.747,99,2352,128,58,29,41,32,1106,4.6
31,2014,Baltimore Orioles,AL,96,162,96,66,0.593,39,6130,5596,705,1434,943,264,16,211,681,44,20,401,1285,0.256,0.311,0.422,0.734,104,2363,112,62,35,36,29,1088,4.4
32,2014,Washington Nationals,NL,96,162,96,66,0.593,40,6216,5542,686,1403,959,265,27,152,635,101,23,517,1304,0.253,0.321,0.393,0.714,96,2178,115,56,60,41,29,1160,4.2
33,2013,Atlanta Braves,NL,96,162,96,66,0.593,44,6133,5441,688,1354,905,247,21,181,656,64,31,542,1384,0.249,0.321,0.402,0.723,99,2186,119,55,58,35,36,1132,4.2
34,2013,Oakland Athletics,AL,96,162,96,66,0.593,41,6209,5521,767,1403,891,301,25,186,725,74,28,573,1178,0.254,0.327,0.419,0.745,107,2312,108,45,21,49,29,1126,4.7
35,2011,Milwaukee Brewers,NL,96,162,96,66,0.593,48,6113,5447,721,1422,930,276,31,185,693,94,31,481,1083,0.261,0.325,0.425,0.750,102,2315,114,56,85,44,53,1110,4.5
36,2011,Texas Rangers,AL,96,162,96,66,0.593,33,6261,5659,855,1599,1047,310,32,210,807,143,45,475,930,0.283,0.340,0.460,0.800,110,2603,135,39,39,49,35,1126,5.3
37,2021,Milwaukee Brewers,NL,95,162,95,67,0.586,61,6099,5362,738,1251,784,255,18,194,700,82,21,586,1465,0.233,0.317,0.396,0.713,91,2124,102,88,25,35,26,1113,4.6
38,2021,Houston Astros,AL,95,162,95,67,0.586,42,6291,5593,863,1496,962,299,14,221,834,53,16,569,1222,0.267,0.339,0.444,0.783,113,2486,136,64,9,54,25,1159,5.3
39,2018,Chicago Cubs,NL,95,163,95,68,0.583,50,6369,5624,761,1453,966,286,34,167,722,66,38,576,1388,0.258,0.333,0.410,0.744,97,2308,107,78,40,46,67,1224,4.7
40,2016,Texas Rangers,AL,95,162,95,67,0.586,40,6089,5525,765,1446,951,257,23,215,746,99,36,436,1220,0.262,0.322,0.433,0.755,96,2394,114,70,18,40,23,1038,4.7
41,2016,Washington Nationals,NL,95,162,95,67,0.586,43,6201,5490,763,1403,903,268,29,203,735,121,39,536,1252,0.256,0.326,0.426,0.751,96,2338,102,64,48,63,49,1105,4.7
42,2015,Kansas City Royals,AL,95,162,95,67,0.586,35,6116,5575,724,1497,1016,300,42,139,689,104,34,383,973,0.269,0.322,0.412,0.734,98,2298,133,77,34,47,28,1079,4.5
43,2012,New York Yankees,AL,95,162,95,67,0.586,39,6231,5524,804,1462,924,280,13,245,774,93,27,565,1176,0.265,0.337,0.453,0.790,112,2503,136,62,31,49,31,1135,5.0
44,2011,Detroit Tigers,AL,95,162,95,67,0.586,34,6231,5563,787,1540,1040,297,34,169,750,49,20,521,1143,0.277,0.340,0.434,0.773,109,2412,142,39,50,58,47,1165,4.9
45,2016,Cleveland Indians,AL,94,161,94,67,0.584,39,6155,5484,777,1435,913,308,29,185,733,134,31,531,1246,0.262,0.329,0.430,0.759,96,2356,137,49,31,60,16,1084,4.8
46,2014,Los Angeles Dodgers,NL,94,162,94,68,0.580,48,6231,5560,718,1476,1002,302,38,134,686,138,50,519,1246,0.265,0.333,0.406,0.738,110,2256,119,61,47,43,30,1159,4.4
47,2013,Pittsburgh Pirates,NL,94,162,94,68,0.580,48,6135,5486,634,1346,877,273,35,161,603,94,42,469,1330,0.245,0.313,0.396,0.709,100,2172,120,88,62,29,41,1126,3.9
48,2012,Atlanta Braves,NL,94,162,94,68,0.580,41,6126,5425,700,1341,899,263,30,149,660,101,32,567,1289,0.247,0.320,0.389,0.709,90,2111,108,34,53,46,37,1127,4.3
49,2012,Oakland Athletics,AL,94,162,94,68,0.580,39,6183,5527,713,1315,821,267,32,195,676,122,32,550,1387,0.238,0.310,0.404,0.714,99,2231,97,45,27,34,29,1095,4.4
50,2012,San Francisco Giants,NL,94,162,94,68,0.580,45,6200,5558,718,1495,1048,287,57,103,675,118,39,483,1097,0.269,0.327,0.397,0.724,106,2205,114,29,69,61,44,1171,4.4
51,2011,Arizona Diamondbacks,NL,94,162,94,68,0.580,51,6096,5421,731,1357,855,293,37,172,702,133,55,531,1249,0.250,0.322,0.413,0.736,99,2240,82,61,50,33,55,1064,4.5
52,2021,Chicago White Sox,AL,93,162,93,69,0.574,41,6084,5357,796,1373,886,275,22,190,757,57,20,586,1389,0.256,0.336,0.422,0.758,106,2262,139,78,24,39,10,1125,4.9
53,2019,Cleveland Indians,AL,93,162,93,69,0.574,48,6124,5425,769,1354,827,286,18,223,731,103,35,563,1332,0.250,0.323,0.432,0.756,95,2345,110,50,40,46,30,1072,4.7
54,2019,Washington Nationals,NL,93,162,93,69,0.574,50,6267,5512,873,1460,904,298,27,231,824,116,29,584,1308,0.265,0.342,0.454,0.796,104,2505,117,81,48,42,33,1114,5.4
55,2017,Arizona Diamondbacks,NL,93,162,93,69,0.574,45,6224,5525,812,1405,832,314,39,220,776,103,30,578,1456,0.254,0.329,0.445,0.774,94,2457,106,54,39,27,44,1118,5.0
56,2017,Boston Red Sox,AL,93,162,93,69,0.574,43,6338,5669,785,1461,972,302,19,168,735,106,31,571,1224,0.258,0.329,0.407,0.736,92,2305,141,53,9,36,48,1134,4.8
57,2016,Boston Red Sox,AL,93,162,93,69,0.574,43,6320,5670,878,1598,1022,343,25,208,836,83,24,558,1160,0.282,0.348,0.461,0.810,112,2615,137,43,8,40,34,1162,5.4
58,2015,Toronto Blue Jays,AL,93,162,93,69,0.574,40,6232,5509,891,1480,923,308,17,232,852,88,23,570,1151,0.269,0.340,0.457,0.797,115,2518,140,54,36,62,12,1057,5.5
59,2013,Detroit Tigers,AL,93,162,93,69,0.574,37,6388,5735,796,1625,1134,292,23,176,767,35,20,531,1073,0.283,0.346,0.434,0.780,111,2491,146,43,32,47,40,1250,4.9
60,2012,Baltimore Orioles,AL,93,162,93,69,0.574,39,6160,5560,712,1375,875,270,16,214,677,58,29,480,1315,0.247,0.311,0.417,0.728,97,2319,152,50,38,30,24,1027,4.4
61,2012,Texas Rangers,AL,93,162,93,69,0.574,32,6216,5590,808,1526,991,303,32,200,780,91,44,478,1103,0.273,0.334,0.446,0.780,105,2493,121,57,36,53,44,1113,5.0
62,2021,Boston Red Sox,AL,92,162,92,70,0.568,43,6122,5495,829,1434,862,330,23,219,783,40,21,512,1386,0.261,0.328,0.449,0.777,105,2467,100,61,10,42,22,1093,5.1
63,2021,New York Yankees,AL,92,162,92,70,0.568,47,6060,5331,711,1266,819,213,12,222,666,63,18,621,1482,0.237,0.322,0.407,0.729,100,2169,154,63,10,34,14,1097,4.4
64,2018,Los Angeles Dodgers,NL,92,163,92,71,0.564,52,6358,5572,804,1394,830,296,33,235,756,75,24,647,1436,0.250,0.333,0.442,0.774,109,2461,119,61,39,39,47,1163,4.9
65,2017,Chicago Cubs,NL,92,162,92,70,0.568,47,6283,5496,822,1402,876,274,29,223,785,62,31,622,1401,0.255,0.338,0.437,0.775,99,2403,134,82,48,32,54,1147,5.1
66,2015,Los Angeles Dodgers,NL,92,162,92,70,0.568,55,6090,5385,667,1346,870,263,26,187,638,59,34,563,1258,0.250,0.326,0.413,0.739,106,2222,135,60,49,30,31,1121,4.1
67,2013,Cleveland Indians,AL,92,162,92,70,0.568,39,6165,5465,745,1391,907,290,23,171,711,117,36,562,1283,0.255,0.327,0.410,0.737,107,2240,106,51,31,56,19,1126,4.6
68,2013,Los Angeles Dodgers,NL,92,162,92,70,0.568,49,6145,5491,649,1447,1011,281,17,138,618,78,28,476,1146,0.264,0.326,0.396,0.722,103,2176,130,57,71,48,45,1175,4.0
69,2013,Tampa Bay Rays,AL,92,163,92,71,0.564,38,6242,5538,700,1421,937,296,23,165,670,73,38,589,1171,0.257,0.329,0.408,0.737,106,2258,140,36,24,55,31,1172,4.3
70,2021,Toronto Blue Jays,AL,91,162,91,71,0.562,46,6070,5476,846,1455,895,285,13,262,816,81,20,496,1218,0.266,0.330,0.466,0.797,113,2552,112,51,10,35,14,1056,5.2
71,2019,St. Louis Cardinals,NL,91,162,91,71,0.562,43,6167,5449,764,1336,856,246,24,210,714,116,29,561,1420,0.245,0.322,0.415,0.737,94,2260,110,76,40,39,15,1107,4.7
72,2018,Colorado Rockies,NL,91,163,91,72,0.558,41,6178,5541,780,1418,886,280,42,210,748,95,33,507,1397,0.256,0.322,0.435,0.757,90,2412,114,51,42,37,38,1067,4.8
73,2018,Cleveland Indians,AL,91,162,91,71,0.562,41,6300,5595,818,1447,915,297,19,216,786,135,36,554,1189,0.259,0.332,0.434,0.766,106,2430,98,80,25,44,32,1147,5.0
74,2017,New York Yankees,AL,91,162,91,71,0.562,44,6354,5594,858,1463,933,266,23,241,821,90,22,616,1386,0.262,0.339,0.447,0.785,105,2498,119,64,18,56,22,1184,5.3
75,2016,Los Angeles Dodgers,NL,91,162,91,71,0.562,55,6164,5518,725,1376,894,272,21,189,680,45,26,525,1321,0.249,0.319,0.409,0.728,95,2257,120,58,30,32,31,1106,4.5
76,2013,Texas Rangers,AL,91,163,91,72,0.558,37,6196,5585,730,1465,1004,262,23,176,691,149,46,462,1067,0.262,0.323,0.412,0.735,100,2301,124,61,45,42,26,1110,4.5
77,2011,Tampa Bay Rays,AL,91,162,91,71,0.562,35,6152,5436,707,1324,842,273,37,172,674,155,62,571,1193,0.244,0.322,0.402,0.724,104,2187,101,73,37,35,31,1118,4.4
78,2021,Seattle Mariners,AL,90,162,90,72,0.556,50,6010,5355,697,1209,766,233,11,199,673,64,24,535,1492,0.226,0.303,0.385,0.688,92,2061,92,72,9,36,8,1040,4.3
79,2021,St. Louis Cardinals,NL,90,162,90,72,0.556,51,6001,5351,706,1303,822,261,22,198,678,89,22,478,1341,0.244,0.313,0.412,0.725,99,2202,99,86,40,44,32,1081,4.4
80,2018,Atlanta Braves,NL,90,162,90,72,0.556,58,6251,5582,759,1433,915,314,29,175,717,90,36,511,1290,0.257,0.324,0.417,0.742,98,2330,99,66,49,43,53,1143,4.7
81,2018,Tampa Bay Rays,AL,90,162,90,72,0.556,46,6195,5475,716,1415,948,274,43,150,664,128,51,540,1388,0.258,0.333,0.406,0.740,105,2225,122,101,28,50,17,1156,4.4
82,2015,New York Mets,NL,90,162,90,72,0.556,48,6145,5527,683,1351,862,295,17,177,654,51,25,488,1290,0.244,0.312,0.400,0.712,96,2211,130,68,29,32,42,1098,4.2
83,2014,Detroit Tigers,AL,90,162,90,72,0.556,37,6202,5630,757,1557,1051,325,26,155,731,106,41,443,1144,0.277,0.331,0.426,0.757,113,2399,137,44,24,61,51,1111,4.7
84,2014,St. Louis Cardinals,NL,90,162,90,72,0.556,46,6086,5426,619,1371,970,275,21,105,585,57,32,471,1133,0.253,0.320,0.369,0.689,93,2003,140,86,64,39,28,1145,3.8
85,2013,Cincinnati Reds,NL,90,162,90,72,0.556,39,6293,5499,698,1370,921,274,20,155,664,67,35,585,1245,0.249,0.327,0.391,0.718,98,2149,129,76,85,46,65,1191,4.3
86,2012,Tampa Bay Rays,AL,90,162,90,72,0.556,38,6105,5398,697,1293,838,250,30,175,665,134,44,571,1323,0.240,0.317,0.394,0.711,99,2128,133,58,34,42,26,1058,4.3
87,2011,Boston Red Sox,AL,90,162,90,72,0.556,36,6414,5710,875,1600,1010,352,35,203,842,102,42,578,1108,0.280,0.349,0.461,0.810,116,2631,136,50,22,50,52,1190,5.4
88,2011,St. Louis Cardinals,NL,90,162,90,72,0.556,46,6242,5532,762,1513,1021,308,22,162,726,57,39,542,978,0.273,0.341,0.425,0.766,112,2351,169,44,84,40,64,1127,4.7
89,2019,Milwaukee Brewers,NL,89,162,89,73,0.549,50,6309,5542,769,1366,820,279,17,250,744,101,25,629,1563,0.246,0.329,0.438,0.767,97,2429,120,72,20,38,42,1180,4.7
90,2018,Seattle Mariners,AL,89,162,89,73,0.549,41,6087,5513,677,1402,938,256,32,176,644,79,37,430,1221,0.254,0.314,0.408,0.722,102,2250,128,70,29,41,17,1084,4.2
91,2016,Baltimore Orioles,AL,89,162,89,73,0.549,40,6089,5524,744,1413,889,265,6,253,710,19,13,468,1324,0.256,0.317,0.443,0.760,101,2449,119,44,17,36,19,1065,4.6
92,2016,Toronto Blue Jays,AL,89,162,89,73,0.549,38,6233,5479,759,1358,843,276,18,221,728,54,24,632,1362,0.248,0.330,0.426,0.755,101,2333,153,55,26,40,16,1120,4.7
93,2014,Kansas City Royals,AL,89,162,89,73,0.549,38,6058,5545,651,1456,1046,286,29,95,604,153,36,380,985,0.263,0.314,0.376,0.690,92,2085,131,53,33,47,22,1080,4.0
94,2012,Los Angeles Angels,AL,89,162,89,73,0.549,35,6121,5536,767,1518,1036,273,22,187,732,134,33,449,1113,0.274,0.332,0.433,0.764,114,2396,138,47,47,41,29,1079,4.7
95,2011,Atlanta Braves,NL,89,162,89,73,0.549,45,6169,5528,641,1345,912,244,16,173,606,77,44,504,1260,0.243,0.308,0.387,0.695,90,2140,113,28,75,30,45,1109,4.0
96,2021,Atlanta Braves,NL,88,161,88,73,0.547,56,6056,5363,790,1307,779,269,20,239,762,59,19,549,1453,0.244,0.319,0.435,0.754,97,2333,81,67,32,43,36,1072,4.9
97,2018,St. Louis Cardinals,NL,88,162,88,74,0.543,49,6200,5498,759,1369,907,248,9,205,725,63,32,525,1380,0.249,0.321,0.409,0.730,99,2250,92,80,46,48,40,1101,4.7
98,2015,Texas Rangers,AL,88,162,88,74,0.543,50,6187,5511,751,1419,936,279,32,172,707,101,39,503,1233,0.257,0.325,0.413,0.739,98,2278,99,76,43,54,32,1130,4.6
99,2014,Oakland Athletics,AL,88,162,88,74,0.543,39,6245,5545,729,1354,922,253,33,146,686,83,20,586,1104,0.244,0.320,0.381,0.700,100,2111,118,49,19,43,34,1147,4.5
100,2014,Pittsburgh Pirates,NL,88,162,88,74,0.543,45,6224,5536,682,1436,975,275,30,156,659,104,47,520,1244,0.259,0.330,0.404,0.734,106,2239,127,78,54,35,46,1192,4.2
101,2014,San Francisco Giants,NL,88,162,88,74,0.543,46,6087,5523,665,1407,976,257,42,132,636,56,27,427,1245,0.255,0.311,0.388,0.699,100,2144,113,43,45,49,37,1095,4.1
102,2012,Detroit Tigers,AL,88,162,88,74,0.543,37,6119,5476,726,1467,986,279,39,163,698,59,23,511,1103,0.268,0.335,0.422,0.757,103,2313,156,57,36,39,46,1121,4.5
103,2012,St. Louis Cardinals,NL,88,162,88,74,0.543,45,6326,5622,765,1526,1040,290,37,159,732,91,37,533,1192,0.271,0.338,0.421,0.759,107,2367,135,53,69,49,45,1198,4.7
104,2017,Colorado Rockies,NL,87,162,87,75,0.537,41,6201,5534,824,1510,987,293,38,192,793,59,34,519,1408,0.273,0.338,0.444,0.781,90,2455,143,44,62,41,46,1088,5.1
105,2016,New York Mets,NL,87,162,87,75,0.537,46,6115,5459,671,1342,865,240,19,218,649,42,18,517,1302,0.246,0.316,0.417,0.733,97,2274,123,62,35,41,43,1120,4.1
106,2016,San Francisco Giants,NL,87,162,87,75,0.537,45,6271,5565,715,1437,973,280,54,130,675,79,36,572,1107,0.258,0.329,0.398,0.728,97,2215,120,42,42,46,43,1188,4.4
107,2015,New York Yankees,AL,87,162,87,75,0.537,49,6268,5567,764,1397,894,272,19,212,737,63,25,554,1227,0.251,0.323,0.421,0.744,102,2343,105,63,24,54,23,1151,4.7
108,2014,Seattle Mariners,AL,87,162,87,75,0.537,38,5977,5450,634,1328,913,247,32,136,600,96,42,396,1232,0.244,0.300,0.376,0.676,95,2047,112,60,35,34,33,1008,3.9
109,2021,Oakland Athletics,AL,86,162,86,76,0.531,42,6104,5395,743,1284,795,271,19,199,698,88,20,545,1349,0.238,0.317,0.406,0.723,102,2190,99,98,17,49,17,1084,4.6
110,2019,New York Mets,NL,86,162,86,76,0.531,53,6290,5624,791,1445,906,280,17,242,767,56,27,516,1384,0.257,0.328,0.442,0.770,105,2485,129,95,28,27,34,1128,4.9
111,2017,Milwaukee Brewers,NL,86,162,86,76,0.531,50,6135,5467,732,1363,850,267,22,224,695,128,41,547,1571,0.249,0.322,0.429,0.751,94,2346,116,53,42,26,34,1088,4.5
112,2016,Detroit Tigers,AL,86,161,86,75,0.534,36,6127,5526,750,1476,983,252,30,211,719,58,29,493,1303,0.267,0.331,0.438,0.769,106,2421,135,53,17,38,32,1105,4.7
113,2016,Seattle Mariners,AL,86,162,86,76,0.531,40,6227,5583,768,1446,955,251,17,223,735,56,28,506,1288,0.259,0.326,0.430,0.756,106,2400,138,72,24,41,29,1099,4.7
114,2016,St. Louis Cardinals,NL,86,162,86,76,0.531,41,6223,5548,779,1415,859,299,32,225,745,35,26,526,1318,0.255,0.325,0.442,0.767,104,2453,117,70,37,41,28,1113,4.8
115,2015,Houston Astros,AL,86,162,86,76,0.531,39,6073,5459,729,1363,829,278,26,230,691,121,48,486,1392,0.250,0.315,0.437,0.752,107,2383,102,56,28,43,22,1036,4.5
116,2013,Kansas City Royals,AL,86,162,86,76,0.531,36,6093,5549,648,1443,1043,254,34,112,620,153,32,422,1048,0.260,0.315,0.379,0.694,89,2101,131,42,37,42,38,1110,4.0
117,2013,Washington Nationals,NL,86,162,86,76,0.531,44,6047,5436,656,1365,918,259,27,161,621,88,28,464,1192,0.251,0.313,0.398,0.710,94,2161,115,40,68,39,35,1071,4.0
118,2012,Los Angeles Dodgers,NL,86,162,86,76,0.531,50,6091,5438,637,1369,961,269,23,116,607,104,44,481,1156,0.252,0.317,0.374,0.690,91,2032,139,52,82,38,49,1112,3.9
119,2011,Los Angeles Angels,AL,86,162,86,76,0.531,34,6088,5513,667,1394,916,289,34,155,629,135,52,442,1086,0.253,0.313,0.402,0.714,102,2216,126,51,50,32,33,1051,4.1
120,2011,San Francisco Giants,NL,86,162,86,76,0.531,44,6091,5486,570,1327,900,282,24,121,534,85,51,448,1122,0.242,0.303,0.368,0.671,91,2020,117,52,62,43,47,1127,3.5
121,2019,Arizona Diamondbacks,NL,85,162,85,77,0.525,45,6315,5633,813,1419,871,288,40,220,778,88,14,540,1360,0.252,0.323,0.434,0.757,94,2447,120,70,31,40,36,1119,5.0
122,2017,Minnesota Twins,AL,85,162,85,77,0.525,34,6261,5557,815,1444,921,286,31,206,781,95,28,593,1342,0.260,0.334,0.434,0.768,104,2410,105,46,26,39,26,1147,5.0
123,2015,Los Angeles Angels,AL,85,162,85,77,0.525,43,5990,5417,661,1331,891,243,21,176,621,52,34,435,1150,0.246,0.307,0.396,0.702,97,2144,116,58,37,40,34,1013,4.1
124,2014,Cleveland Indians,AL,85,162,85,77,0.525,43,6222,5575,669,1411,962,284,23,142,644,104,27,504,1189,0.253,0.317,0.389,0.706,97,2167,126,42,51,49,24,1154,4.1
125,2013,Baltimore Orioles,AL,85,162,85,77,0.525,41,6144,5620,745,1460,936,298,14,212,719,79,29,416,1125,0.260,0.313,0.431,0.744,101,2422,105,36,27,45,36,1053,4.6
126,2013,New York Yankees,AL,85,162,85,77,0.525,46,6045,5449,650,1321,906,247,24,144,614,115,31,466,1214,0.242,0.307,0.376,0.683,88,2048,121,57,36,36,33,1064,4.0
127,2012,Chicago White Sox,AL,85,162,85,77,0.525,35,6111,5518,748,1409,941,228,29,211,726,109,43,461,1203,0.255,0.318,0.422,0.740,98,2328,112,65,31,36,24,1038,4.6
128,2019,Boston Red Sox,AL,84,162,84,78,0.519,38,6475,5770,901,1554,937,345,27,245,857,68,30,590,1382,0.269,0.340,0.466,0.806,106,2688,127,49,20,44,36,1170,5.6
129,2019,Chicago Cubs,NL,84,162,84,78,0.519,52,6195,5461,814,1378,826,270,26,256,783,45,24,581,1460,0.252,0.331,0.452,0.783,102,2468,127,83,30,39,33,1071,5.0
130,2016,Houston Astros,AL,84,162,84,78,0.519,38,6204,5545,724,1367,849,291,29,198,689,102,44,554,1452,0.247,0.319,0.417,0.735,103,2310,134,47,27,31,31,1086,4.5
131,2016,New York Yankees,AL,84,162,84,78,0.519,42,6059,5458,680,1378,930,245,20,183,647,72,22,475,1188,0.252,0.315,0.405,0.720,91,2212,121,42,21,49,19,1098,4.2
132,2015,San Francisco Giants,NL,84,162,84,78,0.519,48,6153,5565,696,1486,1023,288,39,136,663,93,36,457,1159,0.267,0.326,0.406,0.732,101,2260,142,49,45,37,30,1130,4.3
133,2014,New York Yankees,AL,84,162,84,78,0.519,41,6082,5497,633,1349,929,247,26,147,591,112,26,452,1133,0.245,0.307,0.380,0.687,94,2089,111,56,29,47,16,1098,3.9
134,2021,Cincinnati Reds,NL,83,162,83,79,0.512,54,6162,5423,786,1352,822,295,13,222,756,36,24,553,1425,0.249,0.328,0.431,0.759,94,2339,129,105,35,45,22,1110,4.9
135,2017,St. Louis Cardinals,NL,83,162,83,79,0.512,48,6219,5470,761,1402,894,284,28,196,728,81,31,593,1348,0.256,0.334,0.426,0.760,99,2330,139,65,47,44,36,1118,4.7
136,2015,Minnesota Twins,AL,83,162,83,79,0.512,38,6017,5467,696,1349,872,277,44,156,661,70,38,439,1264,0.247,0.305,0.399,0.704,92,2182,133,40,30,41,31,993,4.3
137,2015,Washington Nationals,NL,83,162,83,79,0.512,44,6117,5428,703,1363,908,265,13,177,665,57,23,539,1344,0.251,0.321,0.403,0.724,96,2185,129,44,55,51,38,1114,4.3
138,2014,Toronto Blue Jays,AL,83,162,83,79,0.512,47,6167,5549,723,1435,952,282,24,177,690,78,21,502,1151,0.259,0.323,0.414,0.736,108,2296,128,41,35,40,27,1122,4.5
139,2012,Milwaukee Brewers,NL,83,162,83,79,0.512,46,6225,5557,776,1442,901,300,39,202,741,158,39,466,1240,0.259,0.325,0.437,0.762,101,2426,111,90,76,35,35,1104,4.8
140,2021,Philadelphia Phillies,NL,82,162,82,80,0.506,55,6089,5366,734,1288,804,262,24,198,700,77,19,564,1402,0.240,0.318,0.408,0.726,95,2192,103,67,47,43,37,1115,4.5
141,2018,Arizona Diamondbacks,NL,82,162,82,80,0.506,49,6157,5460,693,1283,798,259,50,176,658,79,25,560,1460,0.235,0.310,0.397,0.707,86,2170,110,52,38,45,36,1086,4.3
142,2018,Pittsburgh Pirates,NL,82,161,82,79,0.509,48,6066,5447,692,1381,896,290,38,157,665,70,38,474,1229,0.254,0.317,0.407,0.725,98,2218,121,59,31,52,38,1071,4.3
143,2018,Washington Nationals,NL,82,162,82,80,0.506,53,6288,5517,771,1402,902,284,25,191,737,119,33,631,1289,0.254,0.335,0.419,0.753,98,2309,104,59,41,40,56,1180,4.8
144,2014,Milwaukee Brewers,NL,82,162,82,80,0.506,40,6065,5462,650,1366,891,297,28,150,617,102,43,423,1197,0.250,0.311,0.397,0.708,95,2169,135,73,70,37,32,1049,4.0
145,2011,Los Angeles Dodgers,NL,82,161,82,79,0.509,48,6094,5436,644,1395,1013,237,28,117,613,126,40,498,1087,0.257,0.322,0.375,0.697,95,2039,101,45,71,43,61,1165,4.0
146,2019,Philadelphia Phillies,NL,81,162,81,81,0.500,56,6261,5571,774,1369,817,311,26,215,742,78,18,562,1453,0.246,0.319,0.427,0.746,92,2377,97,57,34,34,47,1129,4.8
147,2016,Kansas City Royals,AL,81,162,81,81,0.500,36,6052,5552,675,1450,1006,264,33,147,640,121,35,382,1224,0.261,0.312,0.400,0.712,90,2221,134,45,38,34,23,1049,4.2
148,2015,Baltimore Orioles,AL,81,162,81,81,0.500,43,6007,5485,713,1370,887,246,20,217,686,44,25,418,1331,0.250,0.307,0.421,0.728,97,2307,127,51,20,32,23,990,4.4
149,2015,Cleveland Indians,AL,81,161,81,80,0.503,38,6109,5439,669,1395,922,303,29,141,640,86,28,533,1157,0.256,0.325,0.401,0.725,93,2179,134,39,47,50,34,1147,4.2
150,2013,Arizona Diamondbacks,NL,81,162,81,81,0.500,44,6334,5676,685,1468,1005,302,31,130,647,62,41,519,1142,0.259,0.323,0.391,0.715,96,2222,160,43,50,43,51,1160,4.2
151,2012,Arizona Diamondbacks,NL,81,162,81,81,0.500,48,6150,5462,734,1416,911,307,33,165,710,93,51,539,1266,0.259,0.328,0.418,0.746,99,2284,108,41,61,45,47,1122,4.5
152,2012,Philadelphia Phillies,NL,81,162,81,81,0.500,49,6172,5544,684,1414,957,271,28,158,659,116,23,454,1094,0.255,0.317,0.400,0.716,92,2215,114,63,72,39,41,1135,4.2
153,2011,Toronto Blue Jays,AL,81,162,81,81,0.500,38,6210,5559,743,1384,879,285,34,186,704,131,52,525,1184,0.249,0.317,0.413,0.730,96,2295,108,48,31,47,41,1090,4.6
154,2021,Cleveland Indians,AL,80,162,80,82,0.494,42,5907,5332,717,1269,796,248,22,203,686,109,17,453,1387,0.238,0.303,0.407,0.710,94,2170,105,64,20,36,18,987,4.4
155,2018,Philadelphia Phillies,NL,80,162,80,82,0.494,48,6136,5424,677,1270,813,241,30,186,653,69,26,582,1520,0.234,0.314,0.393,0.707,89,2129,102,64,32,32,33,1120,4.2
156,2018,Los Angeles Angels,AL,80,162,80,82,0.494,44,6108,5472,721,1323,837,249,23,214,690,89,22,514,1300,0.242,0.313,0.413,0.726,99,2260,111,73,7,39,38,1071,4.5
157,2017,Tampa Bay Rays,AL,80,162,80,82,0.494,40,6147,5478,694,1340,854,226,32,228,671,88,34,545,1538,0.245,0.317,0.422,0.739,99,2314,115,55,16,48,33,1114,4.3
158,2017,Los Angeles Angels,AL,80,162,80,82,0.494,42,6073,5415,710,1314,863,251,14,186,678,136,44,523,1198,0.243,0.315,0.397,0.712,92,2151,141,70,17,46,30,1033,4.4
159,2017,Kansas City Royals,AL,80,162,80,82,0.494,40,6027,5536,702,1436,959,260,24,193,660,91,31,390,1166,0.259,0.311,0.420,0.731,93,2323,160,45,17,37,19,1005,4.3
160,2015,Tampa Bay Rays,AL,80,162,80,82,0.494,45,6071,5485,644,1383,906,278,32,167,612,87,45,436,1310,0.252,0.314,0.406,0.720,100,2226,121,84,19,47,22,1075,4.0
161,2011,Cleveland Indians,AL,80,162,80,82,0.494,37,6142,5509,704,1380,910,290,26,154,671,89,42,494,1269,0.250,0.317,0.396,0.714,100,2184,111,65,31,43,30,1075,4.3
162,2011,Washington Nationals,NL,80,161,80,81,0.497,44,6090,5441,624,1319,886,257,22,154,594,106,38,470,1323,0.242,0.309,0.383,0.691,89,2082,103,65,82,32,40,1114,3.9
163,2021,San Diego Padres,NL,79,162,79,83,0.488,54,6119,5384,729,1305,831,273,21,180,695,110,39,586,1324,0.242,0.321,0.401,0.722,100,2160,121,61,36,46,42,1123,4.5
164,2016,Miami Marlins,NL,79,161,79,82,0.491,52,6134,5547,655,1460,1031,259,42,128,626,71,28,447,1213,0.263,0.322,0.394,0.716,96,2187,140,54,46,38,40,1171,4.1
165,2015,Arizona Diamondbacks,NL,79,162,79,83,0.488,50,6276,5649,720,1494,1003,289,48,154,680,132,44,490,1312,0.264,0.324,0.414,0.738,97,2341,134,33,46,57,40,1153,4.4
166,2014,Atlanta Braves,NL,79,162,79,83,0.488,39,6064,5468,573,1316,931,240,22,123,545,95,33,472,1369,0.241,0.305,0.360,0.665,88,1969,121,43,53,27,31,1128,3.5
167,2014,New York Mets,NL,79,162,79,83,0.488,45,6145,5472,629,1306,887,275,19,125,602,101,34,516,1264,0.239,0.308,0.364,0.673,93,1994,112,54,59,44,42,1123,3.9
168,2012,Pittsburgh Pirates,NL,79,162,79,83,0.488,49,6014,5412,651,1313,865,241,37,170,620,73,52,444,1354,0.243,0.304,0.395,0.699,93,2138,98,51,62,45,32,1049,4.0
169,2011,Chicago White Sox,AL,79,162,79,83,0.488,34,6159,5502,654,1387,965,252,16,154,625,81,53,475,989,0.252,0.319,0.388,0.706,89,2133,125,84,52,46,31,1126,4.0
170,2011,Cincinnati Reds,NL,79,162,79,83,0.488,42,6329,5612,735,1438,972,264,19,183,697,97,50,535,1250,0.256,0.326,0.408,0.734,98,2289,98,63,78,40,52,1189,4.5
171,2019,Texas Rangers,AL,78,162,78,84,0.481,39,6204,5540,810,1374,831,296,24,223,765,131,38,534,1578,0.248,0.319,0.431,0.750,88,2387,98,67,17,44,18,1066,5.0
172,2018,Minnesota Twins,AL,78,162,78,84,0.481,41,6154,5526,738,1379,874,317,22,166,704,47,27,534,1328,0.250,0.318,0.405,0.723,96,2238,89,37,19,38,25,1087,4.6
173,2017,Seattle Mariners,AL,78,162,78,84,0.481,41,6166,5551,750,1436,938,281,17,200,714,89,35,487,1267,0.259,0.325,0.424,0.749,103,2351,131,78,14,35,31,1084,4.6
174,2017,Texas Rangers,AL,78,162,78,84,0.481,38,6122,5430,799,1326,813,255,21,237,756,113,44,544,1493,0.244,0.320,0.430,0.750,91,2334,110,81,27,39,18,1015,4.9
175,2016,Chicago White Sox,AL,78,162,78,84,0.481,43,6131,5550,686,1428,950,277,33,168,656,77,36,455,1285,0.257,0.317,0.410,0.727,99,2275,122,53,29,44,16,1105,4.2
176,2016,Pittsburgh Pirates,NL,78,162,78,83,0.484,55,6261,5542,729,1426,964,277,32,153,696,110,45,561,1334,0.257,0.332,0.402,0.734,96,2226,133,81,41,36,39,1173,4.5
177,2015,Boston Red Sox,AL,78,162,78,84,0.481,44,6237,5640,748,1495,1007,294,33,161,706,71,27,478,1148,0.265,0.325,0.415,0.740,97,2338,127,46,30,42,28,1142,4.6
178,2013,Los Angeles Angels,AL,78,162,78,84,0.481,40,6260,5588,733,1476,1003,270,39,164,696,82,34,523,1221,0.264,0.329,0.414,0.743,110,2316,150,48,37,64,40,1144,4.5
179,2021,New York Mets,NL,77,162,77,85,0.475,64,5856,5210,636,1243,821,228,18,176,604,54,26,495,1392,0.239,0.315,0.391,0.705,92,2035,123,94,34,23,25,1099,3.9
180,2021,Detroit Tigers,AL,77,162,77,85,0.475,42,5979,5376,697,1299,847,236,37,179,675,88,25,490,1514,0.242,0.308,0.399,0.707,95,2146,113,44,17,50,8,1031,4.3
181,2021,Los Angeles Angels,AL,77,162,77,85,0.475,57,6016,5437,723,1331,853,265,23,190,691,79,26,464,1394,0.245,0.310,0.407,0.717,93,2212,107,59,30,25,35,1029,4.5
182,2019,San Francisco Giants,NL,77,162,77,85,0.475,64,6170,5579,678,1332,839,300,26,167,655,47,28,475,1435,0.239,0.302,0.392,0.694,83,2185,111,50,24,42,26,1069,4.2
183,2018,New York Mets,NL,77,162,77,85,0.475,56,6177,5468,676,1282,813,265,34,170,649,71,39,566,1404,0.234,0.312,0.389,0.701,96,2125,116,73,28,42,36,1104,4.2
184,2017,Miami Marlins,NL,77,162,77,85,0.475,43,6248,5602,778,1497,1001,271,31,194,743,91,30,486,1282,0.267,0.331,0.431,0.761,107,2412,119,67,50,41,48,1130,4.8
185,2014,Miami Marlins,NL,77,162,77,85,0.475,45,6185,5538,645,1399,987,254,36,122,614,58,21,501,1419,0.253,0.317,0.378,0.694,94,2091,143,35,71,39,49,1145,4.0
186,2014,San Diego Padres,NL,77,162,77,85,0.475,51,5905,5294,535,1199,836,224,30,109,500,91,34,468,1294,0.226,0.292,0.342,0.634,84,1810,118,41,56,45,27,1033,3.3
187,2014,Tampa Bay Rays,AL,77,162,77,85,0.475,36,6205,5516,612,1361,957,263,24,117,586,63,27,527,1124,0.247,0.317,0.367,0.684,96,2023,135,66,43,53,31,1193,3.8
188,2011,New York Mets,NL,77,162,77,85,0.475,46,6335,5600,718,1477,1021,309,39,108,676,130,35,571,1085,0.264,0.335,0.391,0.725,103,2188,112,51,65,48,56,1257,4.4
189,2017,Toronto Blue Jays,AL,76,162,76,86,0.469,44,6154,5499,693,1320,824,269,5,222,661,53,24,542,1327,0.240,0.312,0.412,0.724,91,2265,153,51,25,35,12,1064,4.3
190,2015,Chicago White Sox,AL,76,162,76,86,0.469,31,6070,5533,622,1381,958,260,27,136,595,68,42,404,1231,0.250,0.306,0.380,0.686,92,2103,125,65,30,37,22,1065,3.8
191,2015,Seattle Mariners,AL,76,162,76,86,0.469,43,6131,5544,656,1379,897,262,22,198,624,69,45,478,1336,0.249,0.311,0.411,0.722,101,2279,123,36,38,35,31,1080,4.0
192,2014,Cincinnati Reds,NL,76,162,76,86,0.469,45,5978,5395,595,1282,877,254,20,131,562,122,52,415,1252,0.238,0.296,0.365,0.661,85,1969,88,52,76,37,22,1037,3.7
193,2013,San Diego Padres,NL,76,162,76,86,0.469,47,6122,5517,618,1349,931,246,26,146,578,118,34,467,1309,0.245,0.308,0.378,0.686,97,2085,99,52,52,34,36,1126,3.8
194,2013,San Francisco Giants,NL,76,162,76,86,0.469,44,6168,5552,629,1446,1024,280,35,107,596,67,26,469,1078,0.260,0.320,0.381,0.702,100,2117,131,39,66,42,40,1187,3.9
195,2012,San Diego Padres,NL,76,162,76,86,0.469,53,6112,5422,651,1339,903,272,43,121,610,155,46,539,1238,0.247,0.319,0.380,0.699,97,2060,100,54,63,34,36,1146,4.0
196,2019,Cincinnati Reds,NL,75,162,75,87,0.463,47,6100,5450,701,1328,839,235,27,227,679,80,38,492,1436,0.244,0.315,0.422,0.736,85,2298,111,89,30,33,25,1073,4.3
197,2017,Pittsburgh Pirates,NL,75,162,75,87,0.463,47,6136,5458,668,1331,895,249,36,151,635,67,36,519,1213,0.244,0.318,0.386,0.704,86,2105,120,88,42,28,39,1129,4.1
198,2017,Baltimore Orioles,AL,75,162,75,87,0.463,41,6140,5650,743,1469,956,269,12,232,713,32,13,392,1412,0.260,0.312,0.435,0.747,100,2458,138,50,10,37,12,1041,4.6
199,2017,Oakland Athletics,AL,75,162,75,87,0.463,44,6126,5464,739,1344,790,305,15,234,708,57,22,565,1491,0.246,0.319,0.436,0.755,104,2381,129,43,13,40,15,1075,4.6
200,2016,Colorado Rockies,NL,75,162,75,87,0.463,47,6236,5614,845,1544,975,318,47,204,805,66,39,494,1330,0.275,0.336,0.457,0.794,97,2568,113,40,54,34,35,1089,5.2
201,2012,Seattle Mariners,AL,75,162,75,87,0.463,34,6057,5494,619,1285,868,241,27,149,584,104,35,466,1259,0.234,0.296,0.369,0.665,88,2027,95,30,32,35,21,1052,3.8
202,2021,Colorado Rockies,NL,74,161,74,87,0.460,44,6007,5374,739,1338,847,275,34,182,709,76,23,491,1356,0.249,0.317,0.414,0.731,87,2227,98,58,48,36,24,1074,4.6
203,2021,Kansas City Royals,AL,74,162,74,88,0.457,36,5993,5427,686,1349,906,251,29,163,647,124,33,421,1258,0.249,0.306,0.396,0.702,90,2147,100,55,31,52,8,1050,4.2
204,2016,Los Angeles Angels,AL,74,162,74,88,0.457,41,6041,5431,717,1410,955,279,20,156,686,73,34,471,991,0.260,0.322,0.405,0.726,100,2197,147,51,36,49,21,1037,4.4
205,2015,Detroit Tigers,AL,74,161,74,87,0.460,40,6159,5605,689,1515,1026,289,49,151,660,83,51,455,1259,0.270,0.328,0.420,0.748,105,2355,152,41,23,35,36,1111,4.3
206,2015,San Diego Padres,NL,74,162,74,88,0.457,46,6019,5457,650,1324,880,260,36,148,623,82,29,426,1327,0.243,0.300,0.385,0.685,91,2100,108,40,52,42,22,1028,4.0
207,2013,Colorado Rockies,NL,74,162,74,88,0.457,42,6152,5599,706,1511,1033,283,36,159,673,112,32,427,1204,0.270,0.323,0.418,0.741,91,2343,111,26,65,35,26,1118,4.4
208,2013,Milwaukee Brewers,NL,74,162,74,88,0.457,40,6064,5474,640,1381,943,238,43,157,610,142,50,407,1183,0.252,0.311,0.398,0.708,93,2176,116,71,77,35,22,1071,4.0
209,2013,New York Mets,NL,74,162,74,88,0.457,53,6207,5559,619,1318,893,263,32,130,593,114,35,512,1384,0.237,0.306,0.366,0.672,91,2035,106,51,53,32,40,1137,3.8
210,2013,Toronto Blue Jays,AL,74,162,74,88,0.457,41,6152,5537,712,1398,916,273,24,185,669,112,41,510,1123,0.252,0.318,0.411,0.729,99,2274,133,38,29,38,19,1065,4.4
211,2012,New York Mets,NL,74,162,74,88,0.457,49,6091,5450,650,1357,911,286,21,139,625,79,38,503,1250,0.249,0.316,0.386,0.701,94,2102,118,42,64,30,43,1118,4.0
212,2011,Oakland Athletics,AL,74,162,74,88,0.457,36,6104,5452,645,1330,907,280,29,114,612,117,43,509,1094,0.244,0.311,0.369,0.680,88,2010,119,50,34,57,20,1106,4.0
213,2021,Minnesota Twins,AL,73,162,73,89,0.451,43,6078,5431,729,1311,795,271,17,228,690,54,15,525,1405,0.241,0.314,0.423,0.738,103,2300,122,70,7,42,17,1092,4.5
214,2018,San Francisco Giants,NL,73,162,73,89,0.451,48,6113,5541,603,1324,906,255,30,133,573,77,34,448,1467,0.239,0.300,0.368,0.667,85,2038,113,49,33,42,40,1101,3.7
215,2018,Toronto Blue Jays,AL,73,162,73,89,0.451,51,6076,5477,709,1336,783,320,16,217,680,47,30,499,1387,0.244,0.312,0.427,0.739,102,2339,118,58,5,37,15,1036,4.4
216,2016,Milwaukee Brewers,NL,73,162,73,89,0.451,50,6061,5330,671,1299,837,249,19,194,641,181,56,599,1543,0.244,0.322,0.407,0.729,92,2168,131,37,53,39,34,1071,4.1
217,2014,Chicago Cubs,NL,73,162,73,89,0.451,48,6102,5508,614,1315,857,270,31,157,590,65,40,442,1477,0.239,0.300,0.385,0.684,89,2118,94,54,57,41,29,1069,3.8
218,2014,Chicago White Sox,AL,73,162,73,89,0.451,36,6077,5543,660,1400,934,279,32,155,625,85,36,417,1362,0.253,0.310,0.398,0.708,102,2208,127,60,19,38,33,1071,4.1
219,2014,Philadelphia Phillies,NL,73,162,73,89,0.451,49,6198,5603,619,1356,953,251,27,125,584,109,26,443,1306,0.242,0.302,0.363,0.665,85,2036,94,55,59,37,42,1147,3.8
220,2013,Philadelphia Phillies,NL,73,162,73,89,0.451,51,6014,5456,610,1355,928,255,32,140,578,73,29,417,1205,0.248,0.306,0.384,0.690,91,2094,131,53,57,31,41,1061,3.8
221,2012,Toronto Blue Jays,AL,73,162,73,89,0.451,40,6094,5487,716,1346,879,247,22,198,677,123,41,473,1251,0.245,0.309,0.407,0.716,94,2231,109,55,33,45,29,1026,4.4
222,2011,Colorado Rockies,NL,73,162,73,89,0.451,55,6275,5544,735,1429,952,274,40,163,697,118,42,555,1201,0.258,0.329,0.410,0.739,88,2272,112,57,75,44,54,1172,4.5
223,2019,Los Angeles Angels,AL,72,162,72,90,0.444,46,6251,5542,769,1368,859,268,21,220,734,65,20,586,1276,0.247,0.324,0.422,0.746,96,2338,143,67,4,42,29,1125,4.7
224,2019,Chicago White Sox,AL,72,161,72,89,0.447,40,6042,5529,708,1443,981,260,20,182,676,63,28,378,1549,0.261,0.314,0.414,0.728,93,2289,114,66,36,32,13,1071,4.4
225,2017,Atlanta Braves,NL,72,162,72,90,0.444,49,6216,5584,732,1467,987,289,26,165,706,77,31,474,1184,0.263,0.326,0.412,0.738,92,2303,137,66,59,32,57,1127,4.5
226,2012,Kansas City Royals,AL,72,162,72,90,0.444,36,6149,5636,676,1492,1029,295,37,131,643,132,38,404,1032,0.265,0.317,0.400,0.716,94,2254,130,42,26,41,35,1087,4.2
227,2011,Miami Marlins,NL,72,162,72,90,0.444,44,6232,5508,625,1358,905,274,30,149,596,95,41,542,1244,0.247,0.318,0.388,0.706,93,2139,111,51,89,42,38,1198,3.9
228,2011,Pittsburgh Pirates,NL,72,162,72,90,0.444,52,6064,5421,610,1325,906,277,35,107,580,108,52,489,1308,0.244,0.309,0.368,0.676,90,1993,123,34,75,44,31,1079,3.8
229,2021,Chicago Cubs,NL,71,162,71,91,0.438,69,5972,5306,705,1255,794,225,26,210,672,86,37,502,1596,0.237,0.312,0.407,0.719,93,2162,133,92,40,30,17,1019,4.4
230,2019,Colorado Rockies,NL,71,162,71,91,0.438,50,6288,5660,835,1502,914,323,41,224,803,71,31,489,1503,0.265,0.326,0.456,0.782,89,2579,111,43,51,43,25,1075,5.2
231,2017,San Diego Padres,NL,71,162,71,91,0.438,52,5954,5356,604,1251,804,227,31,189,576,89,33,460,1499,0.234,0.299,0.393,0.692,83,2107,99,53,52,33,20,1037,3.7
232,2016,Philadelphia Phillies,NL,71,162,71,91,0.438,49,5992,5434,610,1305,878,231,35,161,574,96,45,424,1376,0.240,0.301,0.384,0.685,82,2089,112,58,46,30,33,1043,3.8
233,2015,Miami Marlins,NL,71,162,71,91,0.438,51,5988,5463,613,1420,1024,236,40,120,575,112,45,375,1150,0.260,0.310,0.384,0.694,93,2096,133,39,71,40,30,1059,3.8
234,2014,Boston Red Sox,AL,71,162,71,91,0.438,50,6226,5551,634,1355,930,282,20,123,601,63,25,535,1337,0.244,0.316,0.369,0.684,91,2046,138,68,20,52,36,1168,3.9
235,2013,Seattle Mariners,AL,71,162,71,91,0.438,41,6172,5558,624,1318,864,249,17,188,597,49,23,529,1353,0.237,0.306,0.390,0.695,98,2165,122,31,26,28,21,1131,3.9
236,2011,Chicago Cubs,NL,71,162,71,91,0.438,42,6130,5549,654,1423,954,285,36,148,610,69,23,425,1202,0.256,0.314,0.401,0.715,95,2224,123,59,60,35,35,1141,4.0
237,2011,Kansas City Royals,AL,71,162,71,91,0.438,34,6267,5672,730,1560,1065,325,41,129,705,153,58,442,1006,0.275,0.329,0.415,0.744,104,2354,121,39,55,57,37,1156,4.5
238,2011,San Diego Padres,NL,71,162,71,91,0.438,48,6074,5417,593,1284,904,247,42,91,563,170,44,501,1320,0.237,0.305,0.349,0.653,85,1888,105,48,55,47,42,1103,3.7
239,2019,San Diego Padres,NL,70,162,70,92,0.432,54,6019,5391,682,1281,814,224,24,219,652,70,37,504,1581,0.238,0.308,0.410,0.718,90,2210,120,55,37,31,19,1008,4.2
240,2017,New York Mets,NL,70,162,70,92,0.432,52,6169,5510,735,1379,841,286,28,224,713,58,23,529,1291,0.250,0.320,0.434,0.755,101,2393,118,57,36,37,31,1099,4.5
241,2014,Houston Astros,AL,70,162,70,92,0.432,39,6055,5447,629,1317,895,240,19,163,596,122,37,495,1442,0.242,0.309,0.383,0.692,96,2084,122,55,22,36,27,1086,3.9
242,2014,Minnesota Twins,AL,70,162,70,92,0.432,38,6233,5567,715,1412,941,316,27,128,675,99,36,544,1329,0.254,0.324,0.389,0.713,100,2166,97,53,25,44,29,1176,4.4
243,2019,Pittsburgh Pirates,NL,69,162,69,93,0.426,54,6228,5657,758,1497,981,315,38,163,722,64,29,425,1213,0.265,0.321,0.420,0.741,94,2377,119,63,47,34,41,1103,4.7
244,2016,Arizona Diamondbacks,NL,69,162,69,93,0.426,50,6260,5665,752,1479,948,285,56,190,709,137,31,463,1427,0.261,0.320,0.432,0.752,93,2446,117,50,43,38,43,1113,4.6
245,2016,Oakland Athletics,AL,69,162,69,93,0.426,43,6022,5500,653,1352,892,270,21,169,634,50,23,442,1145,0.246,0.304,0.395,0.699,91,2171,142,33,13,34,19,1036,4.0
246,2012,Boston Red Sox,AL,69,162,69,93,0.426,46,6166,5604,734,1459,939,339,16,165,695,97,31,428,1197,0.260,0.315,0.415,0.730,96,2325,105,45,34,55,27,1076,4.5
247,2012,Miami Marlins,NL,69,162,69,93,0.426,45,6057,5437,609,1327,890,261,39,137,576,149,41,484,1228,0.244,0.308,0.382,0.690,85,2077,114,35,60,40,46,1092,3.8
248,2011,Baltimore Orioles,AL,69,162,69,93,0.426,37,6156,5585,708,1434,957,273,13,191,684,81,25,452,1120,0.257,0.316,0.413,0.729,97,2306,154,52,24,43,24,1069,4.4
249,2019,Seattle Mariners,AL,68,162,68,94,0.420,51,6199,5500,758,1305,784,254,28,239,730,115,47,588,1581,0.237,0.316,0.424,0.740,99,2332,83,58,14,37,7,1080,4.7
250,2017,Cincinnati Reds,NL,68,162,68,94,0.420,47,6213,5484,753,1390,884,249,38,219,715,120,39,565,1329,0.253,0.329,0.433,0.761,97,2372,116,72,50,42,41,1135,4.6
251,2016,Atlanta Braves,NL,68,161,68,93,0.422,60,6192,5514,649,1404,960,295,27,122,615,75,34,502,1240,0.255,0.321,0.384,0.705,89,2119,145,59,64,52,60,1160,4.0
252,2016,Cincinnati Reds,NL,68,162,68,94,0.420,52,6094,5487,716,1403,929,277,33,164,678,139,51,452,1284,0.256,0.316,0.408,0.724,91,2238,129,52,58,44,37,1014,4.4
253,2016,San Diego Padres,NL,68,162,68,94,0.420,58,6001,5419,686,1275,815,257,26,177,654,125,45,449,1500,0.235,0.299,0.390,0.689,86,2115,93,58,36,36,30,965,4.2
254,2016,Tampa Bay Rays,AL,68,162,68,94,0.420,39,6046,5481,672,1333,797,288,32,216,647,60,37,449,1482,0.243,0.307,0.426,0.733,100,2333,88,69,18,28,20,1060,4.1
255,2015,Colorado Rockies,NL,68,162,68,94,0.420,51,6071,5572,737,1479,970,274,49,186,702,97,43,388,1283,0.265,0.315,0.432,0.748,89,2409,114,33,44,34,47,1016,4.5
256,2015,Milwaukee Brewers,NL,68,162,68,94,0.420,49,6024,5480,655,1378,925,274,34,145,624,84,29,412,1299,0.251,0.307,0.393,0.700,91,2155,130,41,55,34,35,1026,4.0
257,2015,Oakland Athletics,AL,68,162,68,94,0.420,41,6171,5600,694,1405,936,277,46,146,661,78,29,475,1119,0.251,0.312,0.395,0.707,96,2212,124,40,14,38,21,1102,4.3
258,2012,Cleveland Indians,AL,68,162,68,94,0.420,38,6195,5525,667,1385,959,266,24,136,635,110,44,555,1087,0.251,0.324,0.381,0.705,99,2107,141,59,17,39,28,1162,4.1
259,2021,Miami Marlins,NL,67,162,67,95,0.414,61,5929,5348,623,1244,837,226,23,158,594,106,29,450,1553,0.233,0.298,0.372,0.671,81,1990,95,65,30,30,25,1042,3.8
260,2019,Toronto Blue Jays,AL,67,162,67,95,0.414,47,6091,5493,726,1299,761,270,21,247,697,51,20,509,1514,0.236,0.305,0.428,0.733,94,2352,107,45,14,28,10,1003,4.5
261,2018,Cincinnati Reds,NL,67,162,67,95,0.414,53,6240,5532,696,1404,956,251,25,172,665,77,33,559,1376,0.254,0.328,0.401,0.729,95,2221,128,65,49,35,35,1179,4.3
262,2018,Texas Rangers,AL,67,162,67,95,0.414,41,6163,5453,737,1308,824,266,24,194,696,74,35,555,1484,0.240,0.318,0.404,0.722,89,2204,104,88,33,34,16,1093,4.5
263,2017,Chicago White Sox,AL,67,162,67,95,0.414,39,6059,5513,706,1412,933,256,37,186,670,71,31,401,1397,0.256,0.314,0.417,0.731,96,2300,124,76,35,33,17,1055,4.4
264,2015,Atlanta Braves,NL,67,162,67,95,0.414,60,6034,5420,573,1361,992,251,18,100,548,69,33,471,1107,0.251,0.314,0.359,0.674,87,1948,148,44,67,31,39,1145,3.5
265,2014,Texas Rangers,AL,67,162,67,95,0.414,45,6026,5460,637,1400,1001,260,28,111,597,105,59,417,1162,0.256,0.314,0.375,0.689,92,2049,148,61,41,45,37,1066,3.9
266,2011,Seattle Mariners,AL,67,162,67,95,0.414,36,5972,5421,556,1263,879,253,22,109,534,125,40,435,1280,0.233,0.292,0.348,0.640,84,1887,82,37,38,41,33,1083,3.4
267,2018,San Diego Padres,NL,66,162,66,96,0.407,49,6059,5486,617,1289,847,250,30,162,583,95,36,471,1523,0.235,0.297,0.380,0.677,88,2085,122,31,35,36,28,1028,3.8
268,2017,Philadelphia Phillies,NL,66,162,66,96,0.407,51,6133,5535,690,1382,885,287,36,174,654,59,25,494,1417,0.250,0.315,0.409,0.723,89,2263,128,47,21,36,25,1079,4.3
269,2014,Colorado Rockies,NL,66,162,66,96,0.407,49,6164,5612,755,1551,1017,307,41,186,721,85,48,397,1281,0.276,0.327,0.445,0.772,102,2498,121,48,59,48,39,1072,4.7
270,2013,Chicago Cubs,NL,66,162,66,96,0.407,56,6079,5498,602,1307,820,297,18,172,576,63,32,439,1230,0.238,0.300,0.392,0.693,89,2156,120,67,43,30,28,1092,3.7
271,2013,Minnesota Twins,AL,66,162,66,96,0.407,35,6212,5564,614,1346,895,285,15,151,590,52,33,533,1430,0.242,0.312,0.380,0.692,90,2114,103,52,29,32,20,1206,3.8
272,2012,Minnesota Twins,AL,66,162,66,96,0.407,37,6209,5562,701,1448,1017,270,30,131,666,135,37,505,1069,0.260,0.325,0.390,0.715,98,2171,149,53,33,56,28,1144,4.3
273,2021,Washington Nationals,NL,65,162,65,97,0.401,60,6113,5385,724,1388,914,272,20,182,686,56,26,573,1303,0.258,0.337,0.417,0.754,108,2246,158,84,38,31,43,1185,4.5
274,2018,Detroit Tigers,AL,64,162,64,98,0.395,43,6029,5494,630,1326,872,284,35,135,597,70,30,428,1341,0.241,0.300,0.380,0.680,83,2085,110,52,15,40,18,1071,3.9
275,2017,Detroit Tigers,AL,64,162,64,98,0.395,37,6150,5556,735,1435,924,289,35,187,699,65,34,503,1313,0.258,0.324,0.424,0.748,98,2355,128,52,11,27,21,1104,4.5
276,2017,San Francisco Giants,NL,64,162,64,98,0.395,49,6137,5551,639,1382,936,290,28,128,612,76,34,467,1204,0.249,0.309,0.380,0.689,81,2112,136,36,31,52,37,1093,3.9
277,2015,Cincinnati Reds,NL,64,162,64,98,0.395,50,6196,5571,640,1382,931,257,27,167,613,134,38,496,1255,0.248,0.312,0.394,0.706,92,2194,112,42,47,40,38,1148,4.0
278,2014,Arizona Diamondbacks,NL,64,162,64,98,0.395,52,6089,5552,615,1379,955,259,47,118,573,86,33,398,1165,0.248,0.302,0.376,0.678,88,2086,115,43,56,36,31,1092,3.8
279,2012,Colorado Rockies,NL,64,162,64,98,0.395,49,6183,5577,758,1526,1002,306,52,166,716,100,40,450,1213,0.274,0.330,0.436,0.766,93,2434,132,36,74,39,34,1111,4.7
280,2018,Miami Marlins,NL,63,161,63,98,0.391,51,6083,5488,589,1303,929,222,24,128,554,45,31,455,1384,0.237,0.303,0.357,0.659,83,1957,119,73,32,31,26,1123,3.7
281,2015,Philadelphia Phillies,NL,63,162,63,99,0.389,50,6053,5529,626,1374,935,272,37,130,586,88,32,387,1274,0.249,0.303,0.382,0.684,89,2110,119,54,53,29,20,1066,3.9
282,2013,Chicago White Sox,AL,63,162,63,99,0.389,40,6077,5563,598,1385,981,237,19,148,574,105,42,411,1207,0.249,0.302,0.378,0.680,84,2104,124,34,19,48,23,1068,3.7
283,2011,Minnesota Twins,AL,63,162,63,99,0.389,37,6020,5487,619,1357,970,259,25,103,572,92,39,440,1048,0.247,0.306,0.360,0.666,84,1975,115,37,31,25,24,1080,3.8
284,2018,Chicago White Sox,AL,62,162,62,100,0.383,38,6071,5523,656,1332,851,259,40,182,639,98,41,425,1594,0.241,0.302,0.401,0.703,93,2217,99,66,24,32,18,1050,4.0
285,2013,Miami Marlins,NL,62,162,62,100,0.383,53,6021,5449,513,1257,912,219,31,95,485,78,29,432,1232,0.231,0.293,0.335,0.627,73,1823,131,56,57,26,31,1080,3.2
286,2021,Pittsburgh Pirates,NL,61,162,61,101,0.377,64,5983,5336,609,1261,862,240,35,124,570,60,30,529,1328,0.236,0.309,0.364,0.673,82,1943,102,49,31,37,24,1128,3.8
287,2012,Chicago Cubs,NL,61,162,61,101,0.377,53,5967,5411,613,1297,859,265,36,137,570,94,45,447,1235,0.240,0.302,0.378,0.680,83,2045,125,43,42,24,29,1044,3.8
288,2021,Texas Rangers,AL,60,162,60,102,0.370,45,5943,5405,625,1254,838,225,24,167,598,106,29,433,1381,0.232,0.294,0.375,0.670,84,2028,113,58,16,31,10,1007,3.9
289,2019,Kansas City Royals,AL,59,162,59,103,0.364,47,6080,5496,691,1356,873,281,40,162,655,117,39,456,1405,0.247,0.309,0.401,0.710,85,2203,113,59,24,42,17,1056,4.3
290,2016,Minnesota Twins,AL,59,162,59,103,0.364,42,6245,5618,722,1409,886,288,35,200,690,91,32,513,1426,0.251,0.316,0.421,0.738,98,2367,96,44,27,43,24,1124,4.5
291,2018,Kansas City Royals,AL,58,162,58,104,0.358,41,6063,5505,638,1350,883,283,29,155,606,117,38,427,1310,0.245,0.305,0.392,0.697,90,2156,123,67,24,40,13,1063,3.9
292,2019,Miami Marlins,NL,57,162,57,105,0.352,50,6045,5512,615,1326,897,265,18,146,593,55,30,395,1469,0.241,0.298,0.375,0.673,77,2065,139,73,31,33,16,1034,3.8
293,2011,Houston Astros,NL,56,162,56,106,0.346,47,6150,5598,615,1442,1010,309,28,95,579,118,33,401,1164,0.258,0.311,0.374,0.684,89,2092,111,46,66,37,34,1154,3.8
294,2012,Houston Astros,NL,55,162,55,107,0.340,50,6014,5407,583,1276,864,238,28,146,545,105,46,463,1365,0.236,0.302,0.371,0.673,82,2008,114,58,54,30,19,1090,3.6
295,2019,Baltimore Orioles,AL,54,162,54,108,0.333,45,6189,5596,729,1379,889,252,25,213,698,84,30,462,1435,0.246,0.310,0.415,0.725,90,2320,111,71,22,37,8,1063,4.5
296,2021,Arizona Diamondbacks,NL,52,162,52,110,0.321,64,6144,5489,679,1297,814,308,31,144,644,43,16,537,1465,0.236,0.309,0.382,0.692,87,2099,99,54,32,28,24,1152,4.2
297,2021,Baltimore Orioles,AL,52,162,52,110,0.321,44,5983,5420,659,1296,820,266,15,195,632,54,23,451,1454,0.239,0.304,0.402,0.705,92,2177,105,65,14,31,12,1046,4.1
298,2013,Houston Astros,AL,51,162,51,111,0.315,41,6020,5457,610,1307,877,266,16,148,566,110,61,426,1535,0.240,0.299,0.375,0.674,86,2049,110,52,46,38,17,1007,3.8
299,2019,Detroit Tigers,AL,47,161,47,114,0.292,38,6039,5549,582,1333,851,292,41,149,556,57,20,391,1595,0.240,0.294,0.388,0.682,78,2154,108,48,9,42,14,1069,3.6
300,2018,Baltimore Orioles,AL,47,162,47,115,0.290,45,6034,5507,622,1317,872,242,15,188,593,81,22,422,1412,0.239,0.298,0.391,0.689,89,2153,132,57,13,35,19,1027,3.8
301,2020,Los Angeles Dodgers,NL,43,60,43,17,0.717,19,2316,2042,349,523,302,97,6,118,327,29,8,228,471,0.256,0.338,0.483,0.821,119,986,46,30,3,12,7,401,5.8
302,2020,Tampa Bay Rays,AL,40,60,40,20,0.667,19,2261,1975,289,470,273,105,12,80,274,48,9,243,608,0.238,0.328,0.425,0.753,111,839,38,28,0,14,9,424,4.8
303,2020,San Diego Padres,NL,37,60,37,23,0.617,28,2231,1972,325,506,296,103,12,95,312,55,13,204,479,0.257,0.333,0.466,0.798,120,918,37,28,12,14,6,368,5.4
304,2020,Minnesota Twins,AL,36,60,36,24,0.600,20,2168,1937,269,468,293,81,3,91,258,14,7,186,528,0.242,0.315,0.427,0.743,104,828,38,29,2,14,9,378,4.5
305,2020,Oakland Athletics,AL,36,60,36,24,0.600,19,2201,1908,274,430,257,91,11,71,264,26,3,238,524,0.225,0.322,0.396,0.718,100,756,44,39,2,14,5,401,4.6
306,2020,Atlanta Braves,NL,35,60,35,25,0.583,21,2344,2074,348,556,320,130,3,103,338,23,4,239,573,0.268,0.349,0.483,0.832,117,1001,39,23,1,7,13,446,5.8
307,2020,Chicago White Sox,AL,35,60,35,25,0.583,23,2267,2047,306,534,338,94,6,96,294,20,8,179,571,0.261,0.326,0.453,0.779,112,928,44,24,1,13,1,400,5.1
308,2020,Cleveland Indians,AL,35,60,35,25,0.583,22,2247,1959,248,446,286,96,5,59,234,25,10,239,517,0.228,0.317,0.372,0.689,88,729,40,24,7,16,4,412,4.1
309,2020,Chicago Cubs,NL,34,60,34,26,0.567,27,2214,1918,265,422,258,82,8,74,248,24,10,229,568,0.220,0.318,0.387,0.705,90,742,42,52,1,13,9,412,4.4
310,2020,New York Yankees,AL,33,60,33,27,0.550,21,2210,1915,315,473,285,87,7,94,301,27,7,251,480,0.247,0.342,0.447,0.789,118,856,51,30,1,11,5,409,5.3
311,2020,Toronto Blue Jays,AL,32,60,32,28,0.533,21,2263,2023,302,516,320,104,4,88,288,33,6,203,508,0.255,0.325,0.441,0.766,108,892,39,12,8,14,4,404,5.0
312,2020,Cincinnati Reds,NL,31,60,31,29,0.517,23,2123,1842,243,390,221,76,3,90,237,29,9,239,534,0.212,0.312,0.403,0.715,85,742,44,33,0,7,4,371,4.1
313,2020,Miami Marlins,NL,31,60,31,29,0.517,25,2167,1935,263,472,325,82,5,60,247,51,14,191,537,0.244,0.319,0.384,0.703,89,744,37,25,6,9,6,401,4.4
314,2020,St. Louis Cardinals,NL,30,58,30,28,0.517,21,2011,1752,240,410,279,73,7,51,231,18,10,205,477,0.234,0.323,0.371,0.694,92,650,38,33,4,16,3,365,4.1
315,2020,Houston Astros,AL,29,60,29,31,0.483,17,2229,1992,279,478,294,103,12,69,268,22,11,192,440,0.240,0.312,0.408,0.720,95,812,39,23,6,13,5,400,4.7
316,2020,Milwaukee Brewers,NL,29,60,29,31,0.483,23,2188,1920,247,429,266,83,5,75,238,15,11,221,582,0.223,0.313,0.389,0.702,87,747,53,35,0,10,8,393,4.1
317,2020,San Francisco Giants,NL,29,60,29,31,0.483,23,2259,2019,299,532,330,107,14,81,290,19,8,195,499,0.263,0.335,0.451,0.785,115,910,51,27,4,13,8,411,5.0
318,2020,Philadelphia Phillies,NL,28,60,28,32,0.467,23,2223,1948,306,500,318,90,10,82,289,35,8,229,480,0.257,0.342,0.439,0.781,109,856,40,28,8,10,16,425,5.1
319,2020,Seattle Mariners,AL,27,60,27,33,0.450,23,2181,1929,254,435,282,88,5,60,244,50,16,207,545,0.226,0.309,0.370,0.678,90,713,35,30,3,12,5,379,4.2
320,2020,Los Angeles Angels,AL,26,60,26,34,0.433,23,2308,2020,294,501,311,97,8,85,285,21,8,239,490,0.248,0.332,0.430,0.763,107,869,49,25,6,18,8,436,4.9
321,2020,Colorado Rockies,NL,26,60,26,34,0.433,17,2257,2057,275,528,365,84,16,63,264,42,9,161,543,0.257,0.311,0.405,0.716,81,833,41,10,7,19,12,395,4.6
322,2020,Kansas City Royals,AL,26,60,26,34,0.433,22,2200,1988,248,485,313,97,7,68,237,49,20,172,527,0.244,0.309,0.402,0.711,91,800,28,18,8,10,3,395,4.1
323,2020,New York Mets,NL,26,60,26,34,0.433,24,2279,2023,286,551,352,106,7,86,278,20,10,197,498,0.272,0.348,0.459,0.807,121,929,53,45,1,13,8,450,4.8
324,2020,Washington Nationals,NL,26,60,26,34,0.433,20,2218,1968,293,519,329,112,12,66,279,33,12,192,451,0.264,0.336,0.433,0.769,107,853,42,32,5,21,16,411,4.9
325,2020,Arizona Diamondbacks,NL,25,60,25,35,0.417,20,2238,1997,269,482,311,101,12,58,255,23,7,181,461,0.241,0.312,0.391,0.704,90,781,37,36,1,23,5,402,4.5
326,2020,Baltimore Orioles,AL,25,60,25,35,0.417,21,2242,2026,274,523,337,102,7,77,264,19,14,164,514,0.258,0.321,0.429,0.750,102,870,32,27,15,10,5,410,4.6
327,2020,Boston Red Sox,AL,24,60,24,36,0.400,22,2304,2083,292,552,346,118,7,81,278,31,9,187,545,0.265,0.330,0.445,0.775,104,927,51,21,4,9,8,429,4.9
328,2020,Detroit Tigers,AL,23,58,23,35,0.397,23,2076,1893,249,463,311,78,12,62,242,19,6,147,567,0.245,0.303,0.397,0.700,91,751,42,19,1,14,1,337,4.3
329,2020,Texas Rangers,AL,22,60,22,38,0.367,24,2147,1936,224,420,269,80,9,62,204,49,14,167,548,0.217,0.285,0.364,0.648,78,704,33,24,2,18,3,354,3.7
330,2020,Pittsburgh Pirates,NL,19,60,19,41,0.317,21,2134,1932,219,425,284,76,6,59,210,16,11,167,521,0.220,0.284,0.357,0.641,74,690,34,11,7,15,6,355,3.7